{"global_id": 271402, "name": "Silicon", "atomic_number": 14.0, "atomic_weight": 28.085, "density": 2.329, "vibration_amplitude": 0.0075, "lattice_type": "cF", "lattice_constants": [0.543088, 0.543088, 0.543088], "lattice_angles": [1.5707963267948966, 1.5707963267948966, 1.5707963267948966], "diamond_structure": false}