{"global_id": 310619, "name": "Iron", "atomic_number": 26.0, "atomic_weight": 55.845, "density": 7.874, "vibration_amplitude": 0.0068, "lattice_type": "cF", "lattice_constants": [0.36, 0.36, 0.36], "lattice_angles": [1.5707963267948966, 1.5707963267948966, 1.5707963267948966], "diamond_structure": false}