{"global_id": 40850, "name": "Nickel", "atomic_number": 28.0, "atomic_weight": 58.6934, "density": 8.908, "vibration_amplitude": 0.0065, "lattice_type": "cF", "lattice_constants": [0.35238, 0.35238, 0.35238], "lattice_angles": [1.5707963267948966, 1.5707963267948966, 1.5707963267948966], "diamond_structure": false}