{"global_id": 60696, "name": "Iron", "atomic_number": 26.0, "atomic_weight": 55.845, "density": 7.874, "vibration_amplitude": 0.0068, "lattice_type": "cI", "lattice_constants": [0.28664, 0.28664, 0.28664], "lattice_angles": [1.5707963267948966, 1.5707963267948966, 1.5707963267948966], "diamond_structure": false}